_id,datacollecttime,laneoccupy,speed,vdid,volume
{'$oid': '5c7f85c253e0f554880c02de'},2018-11-01 00:00:00,3.42,56.86,nfbVD-N1-S--0.008-M-LOOP,420
{'$oid': '5c7f85c253e0f554880c02df'},2018-11-01 00:00:00,1.65,105.0,nfbVD-N1-S-0.990-N-LOOP,180
{'$oid': '5c7f85c253e0f554880c02e0'},2018-11-01 00:00:00,0.83,63.0,nfbVD-N1-S-1-O-NW-1-基隆,60
{'$oid': '5c7f85c253e0f554880c02e1'},2018-11-01 00:00:00,0.83,56.0,nfbVD-N1-S-1-I-ES-1A-基隆,120
{'$oid': '5c7f85c253e0f554880c02e2'},2018-11-01 00:00:00,0.83,42.0,nfbVD-N1-S-1-I-WS-1B-基隆,60
{'$oid': '5c7f85c253e0f554880c02e3'},2018-11-01 00:00:00,0.0,96.0,nfbVD-N1-S-1.740-M-LOOP,120
{'$oid': '5c7f85c253e0f554880c02e4'},2018-11-01 00:00:00,0.83,78.0,nfbVD-N1-S-1.950-M-RS,240
{'$oid': '5c7f85c253e0f554880c02e5'},2018-11-01 00:00:00,1.65,98.5,nfbVD-N1-S-2.450-N-LOOP,360
{'$oid': '5c7f85c253e0f554880c02e6'},2018-11-01 00:00:00,2.48,60.0,nfbVD-N1-S-2-I-ES-1-八堵,180
{'$oid': '5c7f85c253e0f554880c02e7'},2018-11-01 00:00:00,2.13,87.14,nfbVD-N1-S-3.900-M-RS,420
{'$oid': '5c7f85c253e0f554880c02e8'},2018-11-01 00:00:00,3.4,86.67,nfbVD-N1-S-4.830-M-LOOP,540
{'$oid': '5c7f85c253e0f554880c02e9'},2018-11-01 00:00:00,1.65,73.0,nfbVD-N1-S-5-I-ES-1-大華系統,180
{'$oid': '5c7f85c253e0f554880c02ea'},2018-11-01 00:00:00,0.0,0.0,nfbVD-N1-S-5-I-WS-1-大華系統,0
{'$oid': '5c7f85c253e0f554880c02eb'},2018-11-01 00:00:00,0.83,95.0,nfbVD-N1-S-5.140-M-LOOP,180
{'$oid': '5c7f85c253e0f554880c02ec'},2018-11-01 00:00:00,0.0,102.0,nfbVD-N1-S-6.600-N-LOOP,60
{'$oid': '5c7f85c253e0f554880c02ed'},2018-11-01 00:00:00,0.83,42.0,nfbVD-N1-S-6-I-ES-1-五堵,60
{'$oid': '5c7f85c253e0f554880c02ee'},2018-11-01 00:00:00,0.83,44.0,nfbVD-N1-S-6-I-ES-2-五堵,60
{'$oid': '5c7f85c253e0f554880c02ef'},2018-11-01 00:00:00,0.0,0.0,nfbVD-N1-S-6-O-NW-1-五堵出口,0
{'$oid': '5c7f85c253e0f554880c02f0'},2018-11-01 00:00:00,0.83,89.0,nfbVD-N1-S-7.580-M-RS,360
{'$oid': '5c7f85c253e0f554880c02f1'},2018-11-01 00:00:00,1.65,87.86,nfbVD-N1-S-8.258-M-LOOP,420
{'$oid': '5c7f85c253e0f554880c02f2'},2018-11-01 00:00:00,1.65,93.14,nfbVD-N1-S-8.940-M-LOOP,420
{'$oid': '5c7f85c253e0f554880c02f3'},2018-11-01 00:00:00,0.0,0.0,nfbVD-N1-S-9-B-汐止收費站,0
{'$oid': '5c7f85c253e0f554880c02f4'},2018-11-01 00:00:00,1.24,89.67,nfbVD-N1-S-9.625-M-LOOP,360
{'$oid': '5c7f85c253e0f554880c02f5'},2018-11-01 00:00:00,2.48,96.0,nfbVD-N1-S-10.260-M-RS,300
{'$oid': '5c7f85c253e0f554880c02f6'},2018-11-01 00:00:00,3.31,42.0,nfbVD-N1-S-10-I-ES-1-汐止,180
{'$oid': '5c7f85c253e0f554880c02f7'},2018-11-01 00:00:00,0.0,0.0,nfbVD-N1-S-10-O-NE-1-汐止,0
{'$oid': '5c7f85c253e0f554880c02f8'},2018-11-01 00:00:00,3.21,102.78,nfbVD-N1-S-11.085-N-LOOP,540
{'$oid': '5c7f85c253e0f554880c02f9'},2018-11-01 00:00:00,1.65,86.0,nfbVD-N1-S-11-C-S-1-汐止系統,180
{'$oid': '5c7f85c253e0f554880c02fa'},2018-11-01 00:00:00,0.0,0.0,nfbVD-N1-S-11-I-ES-2A-汐止系統,0
{'$oid': '5c7f85c253e0f554880c02fb'},2018-11-01 00:00:00,0.0,71.0,nfbVD-N1-S-11-I-WS-2B-汐止系統,60
{'$oid': '5c7f85c253e0f554880c02fc'},2018-11-01 00:00:00,1.76,95.75,nfbVD-N1-S-11.700-M-LOOP,480
{'$oid': '5c7f85c253e0f554880c02fd'},2018-11-01 00:00:00,1.38,109.0,nfbVD-N1-S-12.350-M-RS,540
{'$oid': '5c7f85c253e0f554880c02fe'},2018-11-01 00:00:00,0.83,100.67,nfbVD-N1-S-13.813-M-LOOP,360
{'$oid': '5c7f85c253e0f554880c02ff'},2018-11-01 00:00:00,1.65,91.29,nfbVD-N1-S-15.168-N-LOOP,420
{'$oid': '5c7f85c253e0f554880c0300'},2018-11-01 00:00:00,4.96,46.0,nfbVD-N1-S-15-I-WS-1-東湖,240
{'$oid': '5c7f85c253e0f554880c0301'},2018-11-01 00:00:00,1.1,86.33,nfbVD-N1-S-15.825-M-RS,720
{'$oid': '5c7f85c253e0f554880c0302'},2018-11-01 00:00:00,3.23,95.27,nfbVD-N1-S-16.298-M-LOOP,660
{'$oid': '5c7f85c253e0f554880c0303'},2018-11-01 00:00:00,0.0,0.0,nfbVD-N1-S-16-I-WS-1-內湖,0
{'$oid': '5c7f85c253e0f554880c0304'},2018-11-01 00:00:00,3.31,73.0,nfbVD-N1-S-16-O-NE-1A-內湖,300
{'$oid': '5c7f85c253e0f554880c0305'},2018-11-01 00:00:00,0.41,56.5,nfbVD-N1-S-16-O-NW-1B-內湖成功路,120
{'$oid': '5c7f85c253e0f554880c0306'},2018-11-01 00:00:00,2.93,101.18,nfbVD-N1-S-17.340-N-LOOP,660
{'$oid': '5c7f85c253e0f554880c0307'},2018-11-01 00:00:00,2.01,90.0,nfbVD-N1-S-18.710-M-LOOP,420
{'$oid': '5c7f85c253e0f554880c0308'},2018-11-01 00:00:00,3.51,93.38,nfbVD-N1-S-20.000-M-RS,960
{'$oid': '5c7f85c253e0f554880c0309'},2018-11-01 00:00:00,2.93,93.73,nfbVD-N1-S-21.390-M-LOOP,660
{'$oid': '5c7f85c253e0f554880c030a'},2018-11-01 00:00:00,2.07,96.5,nfbVD-N1-S-22.704-M-LOOP,360
{'$oid': '5c7f85c253e0f554880c030b'},2018-11-01 00:00:00,7.91,73.29,nfbVD-N1-S-23-I-ES-2C-圓山,1260
{'$oid': '5c7f85c253e0f554880c030c'},2018-11-01 00:00:00,0.83,40.0,nfbVD-N1-S-23-I-WS-2A-圓山,60
{'$oid': '5c7f85c253e0f554880c030d'},2018-11-01 00:00:00,2.48,27.0,nfbVD-N1-S-23-I-WS-2B-圓山,60
{'$oid': '5c7f85c253e0f554880c030e'},2018-11-01 00:00:00,3.31,45.0,nfbVD-N1-S-23-O-NE-1A-圓山,180
{'$oid': '5c7f85c253e0f554880c030f'},2018-11-01 00:00:00,3.31,81.89,nfbVD-N1-S-23.280-N-LOOP,540
{'$oid': '5c7f85c253e0f554880c0310'},2018-11-01 00:00:00,4.02,86.72,nfbVD-N1-S-23.900-M-LOOP,1740
{'$oid': '5c7f85c253e0f554880c0311'},2018-11-01 00:00:00,3.14,89.25,nfbVD-N1-S-24.400-M-RS,1200
{'$oid': '5c7f85c253e0f554880c0312'},2018-11-01 00:00:00,0.83,41.0,nfbVD-N1-S-25-I-ES-21-台北,60
{'$oid': '5c7f85c253e0f554880c0313'},2018-11-01 00:00:00,4.13,34.0,nfbVD-N1-S-25-I-WS-22-台北,180
{'$oid': '5c7f85c253e0f554880c0314'},2018-11-01 00:00:00,0.83,61.0,nfbVD-N1-S-25-O-NE-1B-台北,60
{'$oid': '5c7f85c253e0f554880c0315'},2018-11-01 00:00:00,7.44,75.0,nfbVD-N1-S-25-O-NW-1A-台北,600
{'$oid': '5c7f85c253e0f554880c0316'},2018-11-01 00:00:00,2.84,106.62,nfbVD-N1-S-25.435-N-LOOP,960
{'$oid': '5c7f85c253e0f554880c0317'},2018-11-01 00:00:00,2.75,94.0,nfbVD-N1-S-25.850-M-LOOP,900
{'$oid': '5c7f85c253e0f554880c0318'},2018-11-01 00:00:00,1.76,100.69,nfbVD-N1-S-26.350-M-RS,960
{'$oid': '5c7f85c253e0f554880c0319'},2018-11-01 00:00:00,2.84,106.12,nfbVD-N1-S-26.745-N-LOOP,960
{'$oid': '5c7f85c253e0f554880c031a'},2018-11-01 00:00:00,2.48,62.0,nfbVD-N1-S-27-I-ES-1-三重,180
{'$oid': '5c7f85c253e0f554880c031b'},2018-11-01 00:00:00,1.65,68.0,nfbVD-N1-S-27-O-NE-2-三重,120
{'$oid': '5c7f85c253e0f554880c031c'},2018-11-01 00:00:00,2.48,70.0,nfbVD-N1-S-27-O-NW-1-三重,360
{'$oid': '5c7f85c253e0f554880c031d'},2018-11-01 00:00:00,1.74,82.21,nfbVD-N1-S-28.839-M-RS,1140
{'$oid': '5c7f85c253e0f554880c031e'},2018-11-01 00:00:00,3.46,107.41,nfbVD-N1-S-30.539-M-LOOP,1320
{'$oid': '5c7f85c253e0f554880c031f'},2018-11-01 00:00:00,3.49,108.72,nfbVD-N1-S-32.076-M-LOOP,1080
{'$oid': '5c7f85c253e0f554880c0320'},2018-11-01 00:00:00,3.13,107.89,nfbVD-N1-S-32.700-N-LOOP,1140
{'$oid': '5c7f85c253e0f554880c0321'},2018-11-01 00:00:00,5.26,72.91,nfbVD-N1-S-33-I-WS-1-五股,660
{'$oid': '5c7f85c253e0f554880c0322'},2018-11-01 00:00:00,3.31,58.0,nfbVD-N1-S-33-O-NE-3-五股,240
{'$oid': '5c7f85c253e0f554880c0323'},2018-11-01 00:00:00,3.97,70.9,nfbVD-N1-S-33-O-NW-2-五股,600
{'$oid': '5c7f85c253e0f554880c0324'},2018-11-01 00:00:00,9.09,46.0,nfbVD-N1-S-33-I-ES-22-五股,420
{'$oid': '5c7f85c253e0f554880c0325'},2018-11-01 00:00:00,1.65,71.0,nfbVD-N1-S-33-I-WS-21-五股,180
{'$oid': '5c7f85c253e0f554880c0326'},2018-11-01 00:00:00,2.48,66.67,nfbVD-N1-S-33-O-NE-4-五股-台65,360
{'$oid': '5c7f85c253e0f554880c0327'},2018-11-01 00:00:00,2.44,108.25,nfbVD-N1-S-34.000-M-RS,1440
{'$oid': '5c7f85c253e0f554880c0328'},2018-11-01 00:00:00,0.0,0.0,nfbVD-N1-S-34-I-B-高公局,0
{'$oid': '5c7f85c253e0f554880c0329'},2018-11-01 00:00:00,0.0,0.0,nfbVD-N1-S-34-O-B-高公局,0
{'$oid': '5c7f85c253e0f554880c032a'},2018-11-01 00:00:00,2.0,109.89,nfbVD-N1-S-34.500-N-LOOP,1140
{'$oid': '5c7f85c253e0f554880c032b'},2018-11-01 00:00:00,-81.82,-99.0,nfbVD-N1-S-35-B-泰山收費站,-35640
{'$oid': '5c7f85c253e0f554880c032c'},2018-11-01 00:00:00,4.21,95.8,nfbVD-N1-S-36.690-M-LOOP,1800
{'$oid': '5c7f85c253e0f554880c032d'},2018-11-01 00:00:00,3.15,104.45,nfbVD-N1-S-37.760-M-RS,1860
{'$oid': '5c7f85c253e0f554880c032e'},2018-11-01 00:00:00,5.08,93.32,nfbVD-N1-S-39.256-M-LOOP,2040
{'$oid': '5c7f85c253e0f554880c032f'},2018-11-01 00:00:00,2.52,101.84,nfbVD-N1-S-40.700-N-LOOP,1140
{'$oid': '5c7f85c253e0f554880c0330'},2018-11-01 00:00:00,3.03,83.33,nfbVD-N1-S-41-O-NS-1A-林口,540
{'$oid': '5c7f85c253e0f554880c0331'},2018-11-01 00:00:00,4.13,76.6,nfbVD-N1-S-41-C-1-S-1-林口-集散道,600
{'$oid': '5c7f85c253e0f554880c0332'},2018-11-01 00:00:00,0.0,0.0,nfbVD-N1-S-41-I-NS-1A-林口-文化一路,0
{'$oid': '5c7f85c253e0f554880c0333'},2018-11-01 00:00:00,3.31,42.0,nfbVD-N1-S-41-I-NS-1B-林口-文化北路,120
{'$oid': '5c7f85c253e0f554880c0334'},2018-11-01 00:00:00,4.13,64.5,nfbVD-N1-S-41-O-NS-1B-林口-文化北路,360
{'$oid': '5c7f85c253e0f554880c0335'},2018-11-01 00:00:00,2.6,99.14,nfbVD-N1-S-41.765-N-LOOP,840
{'$oid': '5c7f85c253e0f554880c0336'},2018-11-01 00:00:00,2.73,98.6,nfbVD-N1-S-42.500-N-LOOP,1200
{'$oid': '5c7f85c253e0f554880c0337'},2018-11-01 00:00:00,2.25,87.5,nfbVD-N1-S-44.250-M-RS,1320
{'$oid': '5c7f85c253e0f554880c0338'},2018-11-01 00:00:00,1.28,110.64,nfbVD-N1-S-45.250-M-LOOP,660
{'$oid': '5c7f85c253e0f554880c0339'},2018-11-01 00:00:00,2.66,99.56,nfbVD-N1-S-46.255-M-LOOP,1080
{'$oid': '5c7f85c253e0f554880c033a'},2018-11-01 00:00:00,4.43,108.76,nfbVD-N1-S-47.507-M-LOOP,1500
{'$oid': '5c7f85c253e0f554880c033b'},2018-11-01 00:00:00,2.83,112.29,nfbVD-N1-S-48.880-N-LOOP,840
{'$oid': '5c7f85c253e0f554880c033c'},2018-11-01 00:00:00,5.34,83.77,nfbVD-N1-S-49-O-NS-1-桃園,780
{'$oid': '5c7f85c253e0f554880c033d'},2018-11-01 00:00:00,5.79,53.0,nfbVD-N1-S-49-O-NS-2-桃園,360
{'$oid': '5c7f85c253e0f554880c033e'},2018-11-01 00:00:00,1.65,63.0,nfbVD-N1-S-49-O-S-2-桃園-主線,180
{'$oid': '5c7f85c253e0f554880c033f'},2018-11-01 00:00:00,0.0,0.0,nfbVD-N1-S-49-O-1-1-桃園集散道,0
{'$oid': '5c7f85c253e0f554880c0340'},2018-11-01 00:00:00,0.0,0.0,nfbVD-N1-S-49-I-ES-1A-桃園-環道,0
{'$oid': '5c7f85c253e0f554880c0341'},2018-11-01 00:00:00,0.0,0.0,nfbVD-N1-S-49-I-WS-1B-桃園-匝道,0
{'$oid': '5c7f85c253e0f554880c0342'},2018-11-01 01:00:00,0.0,0.0,nfbVD-N1-S-49-O-N-2-桃園-往集散道,0
{'$oid': '5c7f85c253e0f554880c0343'},2018-11-01 01:00:00,0.83,61.0,nfbVD-N1-S-49-O-SW-3-桃園-中正路橋,60
{'$oid': '5c7f85c253e0f554880c0344'},2018-11-01 01:00:00,5.25,91.29,nfbVD-N1-S-50.010-M-LOOP,2040
{'$oid': '5c7f85c253e0f554880c0345'},2018-11-01 01:00:00,5.55,89.16,nfbVD-N1-S-51.090-M-RS,2580
{'$oid': '5c7f85c253e0f554880c0346'},2018-11-01 01:00:00,2.48,85.0,nfbVD-N1-S-52-I-ES-22-機場系統,360
{'$oid': '5c7f85c253e0f554880c0347'},2018-11-01 01:00:00,0.83,74.0,nfbVD-N1-S-52-I-WS-21-機場系統,120
{'$oid': '5c7f85c253e0f554880c0348'},2018-11-01 01:00:00,3.14,98.7,nfbVD-N1-S-52.830-N-LOOP,600
{'$oid': '5c7f85c253e0f554880c0349'},2018-11-01 01:00:00,4.25,87.81,nfbVD-N1-S-54.005-M-RS,1260
{'$oid': '5c7f85c253e0f554880c034a'},2018-11-01 01:00:00,0.0,0.0,nfbVD-N1-S-55-I-WS-中壢服務區,0
{'$oid': '5c7f85c253e0f554880c034b'},2018-11-01 01:00:00,0.83,60.0,nfbVD-N1-S-55-R-NW-1-中壢服務區,60
{'$oid': '5c7f85c253e0f554880c034c'},2018-11-01 01:00:00,3.31,90.67,nfbVD-N1-S-55.790-M-LOOP,1080
{'$oid': '5c7f85c253e0f554880c034d'},2018-11-01 01:00:00,1.32,104.0,nfbVD-N1-S-56.640-N-LOOP,300
{'$oid': '5c7f85c253e0f554880c034e'},2018-11-01 01:00:00,4.13,88.0,nfbVD-N1-S-57-O-NE-1-內壢,420
{'$oid': '5c7f85c253e0f554880c034f'},2018-11-01 01:00:00,2.48,66.0,nfbVD-N1-S-57-I-ES-1A-內壢-環道,180
{'$oid': '5c7f85c253e0f554880c0350'},2018-11-01 01:00:00,1.65,48.0,nfbVD-N1-S-57-I-WS-1B-內壢-匝道,120
{'$oid': '5c7f85c253e0f554880c0351'},2018-11-01 01:00:00,4.01,94.21,nfbVD-N1-S-57.200-N-LOOP,840
{'$oid': '5c7f85c253e0f554880c0352'},2018-11-01 01:00:00,2.7,107.12,nfbVD-N1-S-58.635-M-RS,1560
{'$oid': '5c7f85c253e0f554880c0353'},2018-11-01 01:00:00,4.63,101.0,nfbVD-N1-S-60.870-M-LOOP,1200
{'$oid': '5c7f85c253e0f554880c0354'},2018-11-01 01:00:00,1.24,99.0,nfbVD-N1-S-62.200-N-LOOP,480
{'$oid': '5c7f85c253e0f554880c0355'},2018-11-01 01:00:00,1.65,71.0,nfbVD-N1-S-62-O-NW-1-中壢,180
{'$oid': '5c7f85c253e0f554880c0356'},2018-11-01 01:00:00,1.65,49.0,nfbVD-N1-S-62-O-NW-2-中壢,120
{'$oid': '5c7f85c253e0f554880c0357'},2018-11-01 01:00:00,1.65,49.0,nfbVD-N1-S-62-I-ES-1A-中壢-環道,120
{'$oid': '5c7f85c253e0f554880c0358'},2018-11-01 01:00:00,0.0,0.0,nfbVD-N1-S-62-I-WS-1B-中壢-匝道,0
{'$oid': '5c7f85c253e0f554880c0359'},2018-11-01 01:00:00,6.1,99.31,nfbVD-N1-S-63.020-M-RS,1560
{'$oid': '5c7f85c253e0f554880c035a'},2018-11-01 01:00:00,5.79,92.07,nfbVD-N1-S-63.420-M-LOOP,900
{'$oid': '5c7f85c253e0f554880c035b'},2018-11-01 01:00:00,5.65,91.17,nfbVD-N1-S-65.200-N-LOOP,720
{'$oid': '5c7f85c253e0f554880c035c'},2018-11-01 01:00:00,2.63,93.73,nfbVD-N1-S-66.040-M-RS,660
{'$oid': '5c7f85c253e0f554880c035d'},2018-11-01 01:00:00,-81.82,-99.0,nfbVD-N1-S-67-I-WS-1-幼獅,-17820
{'$oid': '5c7f85c253e0f554880c035e'},2018-11-01 01:00:00,0.0,84.0,nfbVD-N1-S-67-O-NW-1-幼獅,60
{'$oid': '5c7f85c253e0f554880c035f'},2018-11-01 01:00:00,2.92,99.46,nfbVD-N1-S-67.380-N-LOOP,780
{'$oid': '5c7f85c253e0f554880c0360'},2018-11-01 01:00:00,3.25,96.2,nfbVD-N1-S-68.070-M-LOOP,900
{'$oid': '5c7f85c253e0f554880c0361'},2018-11-01 01:00:00,0.0,0.0,nfbVD-N1-S-69-O-NE-2-楊梅,0
{'$oid': '5c7f85c253e0f554880c0362'},2018-11-01 01:00:00,4.13,73.0,nfbVD-N1-S-69-O-NW-1-楊梅,420
{'$oid': '5c7f85c253e0f554880c0363'},2018-11-01 01:00:00,0.83,43.0,nfbVD-N1-S-69-I-ES-22-楊梅,60
{'$oid': '5c7f85c253e0f554880c0364'},2018-11-01 01:00:00,0.83,37.0,nfbVD-N1-S-69-I-WS-21-楊梅,60
{'$oid': '5c7f85c253e0f554880c0365'},2018-11-01 01:00:00,1.38,108.33,nfbVD-N1-S-69.325-N-LOOP,360
{'$oid': '5c7f85c253e0f554880c0366'},2018-11-01 01:00:00,2.83,111.63,nfbVD-N1-S-70.900-M-LOOP,1140
{'$oid': '5c7f85c253e0f554880c0367'},2018-11-01 01:00:00,0.0,43.0,nfbVD-N1-S-71-B-楊梅收費站,60
{'$oid': '5c7f85c253e0f554880c0368'},2018-11-01 01:00:00,3.47,106.0,nfbVD-N1-S-73.000-M-LOOP,900
{'$oid': '5c7f85c253e0f554880c0369'},2018-11-01 01:00:00,3.62,103.85,nfbVD-N1-S-74.505-M-LOOP,780
{'$oid': '5c7f85c253e0f554880c036a'},2018-11-01 01:00:00,2.75,118.67,nfbVD-N1-S-76.300-M-LOOP,720
{'$oid': '5c7f85c253e0f554880c036b'},2018-11-01 01:00:00,6.08,100.16,nfbVD-N1-S-78.170-M-LOOP,1860
{'$oid': '5c7f85c253e0f554880c036c'},2018-11-01 01:00:00,55.97,45.53,nfbVD-N1-S-79.300-M-LOOP,2580
{'$oid': '5c7f85c253e0f554880c036d'},2018-11-01 01:00:00,3.55,108.0,nfbVD-N1-S-81.230-M-LOOP,1020
{'$oid': '5c7f85c253e0f554880c036e'},2018-11-01 01:00:00,3.26,106.11,nfbVD-N1-S-83.150-M-LOOP,1080
{'$oid': '5c7f85c253e0f554880c036f'},2018-11-01 01:00:00,6.61,44.0,nfbVD-N1-S-83-I-WS-1-湖口,360
{'$oid': '5c7f85c253e0f554880c0370'},2018-11-01 01:00:00,4.96,32.0,nfbVD-N1-S-83-I-WS-2-湖口,180
{'$oid': '5c7f85c253e0f554880c0371'},2018-11-01 01:00:00,0.0,0.0,nfbVD-N1-S-83-O-NE-2-湖口,0
{'$oid': '5c7f85c253e0f554880c0372'},2018-11-01 01:00:00,0.83,76.0,nfbVD-N1-S-83-O-NW-1-湖口,60
{'$oid': '5c7f85c253e0f554880c0373'},2018-11-01 01:00:00,3.15,107.25,nfbVD-N1-S-84.120-N-LOOP,960
{'$oid': '5c7f85c253e0f554880c0374'},2018-11-01 01:00:00,3.58,101.11,nfbVD-N1-S-85.056-M-LOOP,1080
{'$oid': '5c7f85c253e0f554880c0375'},2018-11-01 01:00:00,2.48,59.0,nfbVD-N1-S-86-R-NW-1-湖口服務區,180
{'$oid': '5c7f85c253e0f554880c0376'},2018-11-01 01:00:00,0.0,0.0,nfbVD-N1-S-86.520-M-RS,0
{'$oid': '5c7f85c253e0f554880c0377'},2018-11-01 01:00:00,5.31,92.48,nfbVD-N1-S-88.060-M-LOOP,1260
{'$oid': '5c7f85c253e0f554880c0378'},2018-11-01 01:00:00,5.97,95.33,nfbVD-N1-S-90.000-M-LOOP,1080
{'$oid': '5c7f85c253e0f554880c0379'},2018-11-01 01:00:00,0.0,0.0,nfbVD-N1-S-91-I-WS-1-竹北,0
{'$oid': '5c7f85c253e0f554880c037a'},2018-11-01 01:00:00,0.0,0.0,nfbVD-N1-S-91-I-WS-2-竹北,0
{'$oid': '5c7f85c253e0f554880c037b'},2018-11-01 01:00:00,1.65,29.0,nfbVD-N1-S-91-O-NE-2-竹北,60
{'$oid': '5c7f85c253e0f554880c037c'},2018-11-01 01:00:00,0.83,84.0,nfbVD-N1-S-91-O-NW-1-竹北,120
{'$oid': '5c7f85c253e0f554880c037d'},2018-11-01 01:00:00,5.56,96.06,nfbVD-N1-S-91.180-N-LOOP,1080
{'$oid': '5c7f85c253e0f554880c037e'},2018-11-01 01:00:00,4.42,91.52,nfbVD-N1-S-91.825-M-RS,1380
{'$oid': '5c7f85c253e0f554880c037f'},2018-11-01 01:00:00,7.24,97.28,nfbVD-N1-S-93.190-M-LOOP,1500
{'$oid': '5c7f85c253e0f554880c0380'},2018-11-01 01:00:00,4.6,83.5,nfbVD-N1-S-95.210-N-LOOP,840
{'$oid': '5c7f85c253e0f554880c0381'},2018-11-01 01:00:00,3.31,77.0,nfbVD-N1-S-95-O-NW-1A-新竹,300
{'$oid': '5c7f85c253e0f554880c0382'},2018-11-01 01:00:00,0.0,0.0,nfbVD-N1-S-95-O-NW-1B-新竹,0
{'$oid': '5c7f85c253e0f554880c0383'},2018-11-01 01:00:00,0.0,0.0,nfbVD-N1-S-95-O-NW-2B-新竹,0
{'$oid': '5c7f85c253e0f554880c0384'},2018-11-01 01:00:00,5.79,39.0,nfbVD-N1-S-95-O-NW-3A-新竹,240
{'$oid': '5c7f85c253e0f554880c0385'},2018-11-01 01:00:00,1.93,37.67,nfbVD-N1-S-95-O-NW-4A-新竹,180
{'$oid': '5c7f85c253e0f554880c0386'},2018-11-01 01:00:00,3.31,65.0,nfbVD-N1-S-95-O-NW-21A-新竹,300
{'$oid': '5c7f85c253e0f554880c0387'},2018-11-01 01:00:00,0.0,81.0,nfbVD-N1-S-95-O-NW-22A-新竹,60
{'$oid': '5c7f85c253e0f554880c0388'},2018-11-01 01:00:00,0.0,0.0,nfbVD-N1-S-95-I-ES-31A-新竹-光復路,0
{'$oid': '5c7f85c253e0f554880c0389'},2018-11-01 01:00:00,4.13,48.0,nfbVD-N1-S-95-I-WS-22A-新竹-光復路,240
{'$oid': '5c7f85c253e0f554880c038a'},2018-11-01 01:00:00,1.65,50.0,nfbVD-N1-S-95-I-ES-2B-新竹-園區二路,120
{'$oid': '5c7f85c253e0f554880c038b'},2018-11-01 01:00:00,0.83,51.5,nfbVD-N1-S-95-I-WS-32A-新竹-公道五路,120
{'$oid': '5c7f85c253e0f554880c038c'},2018-11-01 01:00:00,0.0,0.0,nfbVD-N1-S-95-I-WS-41A-新竹-公道五路,0
{'$oid': '5c7f85c253e0f554880c038d'},2018-11-01 01:00:00,0.0,0.0,nfbVD-N1-S-95-I-WS-21A-新竹-公道五路-光復,0
{'$oid': '5c7f85c253e0f554880c038e'},2018-11-01 01:00:00,1.38,54.67,nfbVD-N1-S-95-I-WS-1B-新竹-園區二路-科學園,180
{'$oid': '5c7f85c253e0f554880c038f'},2018-11-01 01:00:00,4.96,110.84,nfbVD-N1-S-96.615-N-LOOP,1140
{'$oid': '5c7f85c253e0f554880c0390'},2018-11-01 01:00:00,2.79,98.38,nfbVD-N1-S-97.985-M-LOOP,480
{'$oid': '5c7f85c253e0f554880c0391'},2018-11-01 01:00:00,1.36,84.29,nfbVD-N1-S-98.645-M-RS,1020
{'$oid': '5c7f85c253e0f554880c0392'},2018-11-01 01:00:00,0.0,0.0,nfbVD-N1-S-99-I-ES-22-新竹系統,0
{'$oid': '5c7f85c253e0f554880c0393'},2018-11-01 01:00:00,0.0,0.0,nfbVD-N1-S-99-I-WS-21-新竹系統,0
{'$oid': '5c7f85c253e0f554880c0394'},2018-11-01 01:00:00,3.1,97.25,nfbVD-N1-S-99.990-N-LOOP,720
{'$oid': '5c7f85c253e0f554880c0395'},2018-11-01 01:00:00,9.5,110.75,nfbVD-N1-S-100.570-M-LOOP,1200
{'$oid': '5c7f85c253e0f554880c0396'},2018-11-01 01:00:00,2.75,56.33,nfbVD-N1-N--0.100-M-LOOP,360
{'$oid': '5c7f85c253e0f554880c0397'},2018-11-01 01:00:00,1.65,90.0,nfbVD-N1-N-0.590-M-LOOP,360
{'$oid': '5c7f85c253e0f554880c0398'},2018-11-01 01:00:00,2.83,87.29,nfbVD-N1-N-1.000-N-LOOP,420
{'$oid': '5c7f85c253e0f554880c0399'},2018-11-01 01:00:00,0.0,0.0,nfbVD-N1-N-1-I-EN-1-基隆,0
{'$oid': '5c7f85c253e0f554880c039a'},2018-11-01 01:00:00,0.83,71.0,nfbVD-N1-N-1-O-SE-1-基隆,120
{'$oid': '5c7f85c253e0f554880c039b'},2018-11-01 01:00:00,1.53,84.71,nfbVD-N1-N-1.600-M-RS,420
{'$oid': '5c7f85c253e0f554880c039c'},2018-11-01 01:00:00,1.24,89.25,nfbVD-N1-N-1.950-M-LOOP,240
{'$oid': '5c7f85c253e0f554880c039d'},2018-11-01 01:00:00,0.83,89.0,nfbVD-N1-N-2-O-SE-1-八堵,120
{'$oid': '5c7f85c253e0f554880c039e'},2018-11-01 01:00:00,2.01,101.86,nfbVD-N1-N-3.000-M-LOOP,420
{'$oid': '5c7f85c253e0f554880c039f'},2018-11-01 01:00:00,2.69,97.5,nfbVD-N1-N-4.000-M-LOOP,480
{'$oid': '5c7f85c253e0f554880c03a0'},2018-11-01 01:00:00,2.07,91.0,nfbVD-N1-N-4.842-M-RS,840
{'$oid': '5c7f85c253e0f554880c03a1'},2018-11-01 01:00:00,0.83,62.0,nfbVD-N1-N-5-O-SE-1-大華系統,120
{'$oid': '5c7f85c253e0f554880c03a2'},2018-11-01 01:00:00,0.83,111.0,nfbVD-N1-N-5-O-SW-1-大華系統,60
{'$oid': '5c7f85c253e0f554880c03a3'},2018-11-01 01:00:00,2.28,93.18,nfbVD-N1-N-5.920-M-LOOP,1020
{'$oid': '5c7f85c253e0f554880c03a4'},2018-11-01 01:00:00,0.0,0.0,nfbVD-N1-N-6-O-SE-2-五堵,0
{'$oid': '5c7f85c253e0f554880c03a5'},2018-11-01 01:00:00,1.65,55.0,nfbVD-N1-N-6-O-SE-1-五堵,120
{'$oid': '5c7f85c253e0f554880c03a6'},2018-11-01 02:00:00,8.26,50.0,nfbVD-N1-N-6-I-EN-1A-五堵,300
{'$oid': '5c7f85c253e0f554880c03a7'},2018-11-01 02:00:00,0.0,0.0,nfbVD-N1-N-6-I-WN-1B-五堵,0
{'$oid': '5c7f85c253e0f554880c03a8'},2018-11-01 02:00:00,3.31,92.25,nfbVD-N1-N-6.815-N-LOOP,960
{'$oid': '5c7f85c253e0f554880c03a9'},2018-11-01 02:00:00,7.06,90.18,nfbVD-N1-N-8.243-M-LOOP,1320
{'$oid': '5c7f85c253e0f554880c03aa'},2018-11-01 02:00:00,6.18,91.74,nfbVD-N1-N-8.950-M-LOOP,1140
{'$oid': '5c7f85c253e0f554880c03ab'},2018-11-01 02:00:00,0.0,0.0,nfbVD-N1-N-9-B-汐止收費站,0
{'$oid': '5c7f85c253e0f554880c03ac'},2018-11-01 02:00:00,3.63,106.61,nfbVD-N1-N-10.000-M-RS,1380
{'$oid': '5c7f85c253e0f554880c03ad'},2018-11-01 02:00:00,7.14,95.0,nfbVD-N1-N-10.380-N-LOOP,1500
{'$oid': '5c7f85c253e0f554880c03ae'},2018-11-01 02:00:00,2.48,40.0,nfbVD-N1-T-10-A-E-1-汐止,120
{'$oid': '5c7f85c253e0f554880c03af'},2018-11-01 02:00:00,0.0,0.0,nfbVD-N1-N-10-I-EN-1-汐止,0
{'$oid': '5c7f85c253e0f554880c03b0'},2018-11-01 02:00:00,3.72,53.0,nfbVD-N1-N-10-O-SE-1-汐止,480
{'$oid': '5c7f85c253e0f554880c03b1'},2018-11-01 02:00:00,3.35,93.55,nfbVD-N1-N-10.780-M-RS,1200
{'$oid': '5c7f85c253e0f554880c03b2'},2018-11-01 02:00:00,3.75,88.38,nfbVD-N1-N-11.250-N-LOOP,780
{'$oid': '5c7f85c253e0f554880c03b3'},2018-11-01 02:00:00,4.13,81.0,nfbVD-N1-N-11-C-N-1-汐止系統,360
{'$oid': '5c7f85c253e0f554880c03b4'},2018-11-01 02:00:00,2.48,85.0,nfbVD-N1-N-11-I-EN-1A-汐止系統,240
{'$oid': '5c7f85c253e0f554880c03b5'},2018-11-01 02:00:00,5.1,92.33,nfbVD-N1-N-11.800-M-LOOP,1080
{'$oid': '5c7f85c253e0f554880c03b6'},2018-11-01 02:00:00,3.07,103.71,nfbVD-N1-N-12.500-M-LOOP,840
{'$oid': '5c7f85c253e0f554880c03b7'},2018-11-01 02:00:00,2.7,99.67,nfbVD-N1-N-13.400-M-RS,900
{'$oid': '5c7f85c253e0f554880c03b8'},2018-11-01 02:00:00,3.35,84.89,nfbVD-N1-N-13.843-M-LOOP,1140
{'$oid': '5c7f85c253e0f554880c03b9'},2018-11-01 02:00:00,7.11,95.26,nfbVD-N1-N-15.150-M-LOOP,1380
{'$oid': '5c7f85c253e0f554880c03ba'},2018-11-01 02:00:00,4.96,50.0,nfbVD-N1-N-15-O-SE-1-東湖,300
{'$oid': '5c7f85c253e0f554880c03bb'},2018-11-01 02:00:00,5.07,96.07,nfbVD-N1-N-15.735-M-LOOP,900
{'$oid': '5c7f85c253e0f554880c03bc'},2018-11-01 02:00:00,2.85,90.27,nfbVD-N1-N-16.334-M-LOOP,660
{'$oid': '5c7f85c253e0f554880c03bd'},2018-11-01 02:00:00,0.83,58.0,nfbVD-N1-N-16-O-SE-1-內湖,60
{'$oid': '5c7f85c253e0f554880c03be'},2018-11-01 02:00:00,10.74,75.0,nfbVD-N1-N-16-I-EN-1A-內湖,960
{'$oid': '5c7f85c253e0f554880c03bf'},2018-11-01 02:00:00,2.48,36.0,nfbVD-N1-N-16-I-EN-1B-內湖,120
{'$oid': '5c7f85c253e0f554880c03c0'},2018-11-01 02:00:00,2.11,98.22,nfbVD-N1-N-16.980-N-LOOP,540
{'$oid': '5c7f85c253e0f554880c03c1'},2018-11-01 02:00:00,3.31,96.81,nfbVD-N1-N-18.007-M-LOOP,960
{'$oid': '5c7f85c253e0f554880c03c2'},2018-11-01 02:00:00,0.0,100.0,nfbVD-N1-N-18.770-M-RS,60
{'$oid': '5c7f85c253e0f554880c03c3'},2018-11-01 02:00:00,5.14,95.72,nfbVD-N1-N-19.989-M-LOOP,1080
{'$oid': '5c7f85c253e0f554880c03c4'},2018-11-01 02:00:00,3.66,100.71,nfbVD-N1-N-21.231-M-LOOP,840
{'$oid': '5c7f85c253e0f554880c03c5'},2018-11-01 02:00:00,5.58,91.88,nfbVD-N1-N-22.990-N-LOOP,960
{'$oid': '5c7f85c253e0f554880c03c6'},2018-11-01 02:00:00,1.65,74.0,nfbVD-N1-N-23-I-EN-1-圓山,180
{'$oid': '5c7f85c253e0f554880c03c7'},2018-11-01 02:00:00,0.0,84.0,nfbVD-N1-N-23-O-SE-1A-圓山,60
{'$oid': '5c7f85c253e0f554880c03c8'},2018-11-01 02:00:00,2.25,71.0,nfbVD-N1-N-23-O-SE-1B-圓山,660
{'$oid': '5c7f85c253e0f554880c03c9'},2018-11-01 02:00:00,3.27,95.43,nfbVD-N1-N-23.780-M-LOOP,1260
{'$oid': '5c7f85c253e0f554880c03ca'},2018-11-01 02:00:00,2.33,85.53,nfbVD-N1-N-24.200-M-RS,1020
{'$oid': '5c7f85c253e0f554880c03cb'},2018-11-01 02:00:00,2.48,66.0,nfbVD-N1-N-25-O-SE-1-台北,180
{'$oid': '5c7f85c253e0f554880c03cc'},2018-11-01 02:00:00,2.48,39.0,nfbVD-N1-N-25-O-SW-2-台北,120
{'$oid': '5c7f85c253e0f554880c03cd'},2018-11-01 02:00:00,0.0,0.0,nfbVD-N1-N-25-I-EN-21-台北,0
{'$oid': '5c7f85c253e0f554880c03ce'},2018-11-01 02:00:00,0.0,0.0,nfbVD-N1-N-25-I-WN-21-台北,0
{'$oid': '5c7f85c253e0f554880c03cf'},2018-11-01 02:00:00,2.48,100.57,nfbVD-N1-N-25.200-N-LOOP,840
{'$oid': '5c7f85c253e0f554880c03d0'},2018-11-01 02:00:00,3.02,100.39,nfbVD-N1-N-25.800-M-LOOP,1380
{'$oid': '5c7f85c253e0f554880c03d1'},2018-11-01 02:00:00,2.24,97.29,nfbVD-N1-N-27.100-N-LOOP,840
{'$oid': '5c7f85c253e0f554880c03d2'},2018-11-01 02:00:00,2.75,65.83,nfbVD-N1-N-27-I-EN-1-三重,360
{'$oid': '5c7f85c253e0f554880c03d3'},2018-11-01 02:00:00,7.44,57.0,nfbVD-N1-N-27-O-SE-1-三重,480
{'$oid': '5c7f85c253e0f554880c03d4'},2018-11-01 02:00:00,2.12,112.56,nfbVD-N1-N-28.672-M-LOOP,960
{'$oid': '5c7f85c253e0f554880c03d5'},2018-11-01 02:00:00,4.05,112.1,nfbVD-N1-N-30.547-M-LOOP,1740
{'$oid': '5c7f85c253e0f554880c03d6'},2018-11-01 02:00:00,2.48,110.14,nfbVD-N1-N-31.830-N-LOOP,840
{'$oid': '5c7f85c253e0f554880c03d7'},2018-11-01 02:00:00,0.0,0.0,nfbVD-N1-N-32.203-M-RS,0
{'$oid': '5c7f85c253e0f554880c03d8'},2018-11-01 02:00:00,1.77,71.95,nfbVD-N1-N-33.000-M-LOOP,1260
{'$oid': '5c7f85c253e0f554880c03d9'},2018-11-01 02:00:00,5.79,72.0,nfbVD-N1-N-33-I-EN-1-五股,420
{'$oid': '5c7f85c253e0f554880c03da'},2018-11-01 02:00:00,1.65,60.0,nfbVD-N1-N-33-I-EN-2-五股,120
{'$oid': '5c7f85c253e0f554880c03db'},2018-11-01 02:00:00,4.68,73.67,nfbVD-N1-N-33-I-EN-21-五股,720
{'$oid': '5c7f85c253e0f554880c03dc'},2018-11-01 02:00:00,0.0,0.0,nfbVD-N1-N-33-I-WN-22-五股,0
{'$oid': '5c7f85c253e0f554880c03dd'},2018-11-01 02:00:00,9.09,50.0,nfbVD-N1-N-33-O-SE-21-五股,540
{'$oid': '5c7f85c253e0f554880c03de'},2018-11-01 02:00:00,4.96,74.0,nfbVD-N1-N-33-O-SW-22-五股,480
{'$oid': '5c7f85c253e0f554880c03df'},2018-11-01 02:00:00,2.84,106.56,nfbVD-N1-N-34.010-M-RS,2460
{'$oid': '5c7f85c253e0f554880c03e0'},2018-11-01 02:00:00,0.0,0.0,nfbVD-N1-N-34-I-B-高公局,0
{'$oid': '5c7f85c253e0f554880c03e1'},2018-11-01 02:00:00,0.0,0.0,nfbVD-N1-N-34-O-B-高公局,0
{'$oid': '5c7f85c253e0f554880c03e2'},2018-11-01 02:00:00,2.31,105.6,nfbVD-N1-N-34.200-N-LOOP,1800
{'$oid': '5c7f85c253e0f554880c03e3'},2018-11-01 02:00:00,4.79,94.6,nfbVD-N1-N-34.900-M-LOOP,900
{'$oid': '5c7f85c253e0f554880c03e4'},2018-11-01 02:00:00,0.83,69.0,nfbVD-N1-N-35-B-泰山收費站,120
{'$oid': '5c7f85c253e0f554880c03e5'},2018-11-01 02:00:00,3.03,96.07,nfbVD-N1-N-36.980-M-LOOP,900
{'$oid': '5c7f85c253e0f554880c03e6'},2018-11-01 02:00:00,2.38,91.88,nfbVD-N1-N-39.000-M-RS,1440
{'$oid': '5c7f85c253e0f554880c03e7'},2018-11-01 02:00:00,2.27,101.42,nfbVD-N1-N-40.600-N-LOOP,720
{'$oid': '5c7f85c253e0f554880c03e8'},2018-11-01 02:00:00,1.55,101.62,nfbVD-N1-N-41.300-N-LOOP,480
{'$oid': '5c7f85c253e0f554880c03e9'},2018-11-01 02:00:00,3.68,63.91,nfbVD-N1-N-41-O-SN-1B-林口,660
{'$oid': '5c7f85c253e0f554880c03ea'},2018-11-01 02:00:00,1.65,73.0,nfbVD-N1-N-41-C-N-1-林口-集散道,300
{'$oid': '5c7f85c253e0f554880c03eb'},2018-11-01 02:00:00,5.62,53.2,nfbVD-N1-N-41-I-SN-1A-林口-文化一路,600
{'$oid': '5c7f85c253e0f554880c03ec'},2018-11-01 02:00:00,14.05,7.0,nfbVD-N1-N-41-I-SN-1B-林口-文化北路,660
{'$oid': '5c7f85c253e0f554880c03ed'},2018-11-01 02:00:00,0.0,73.0,nfbVD-N1-N-41-O-SN-1A-林口-文化一路,60
{'$oid': '5c7f85c253e0f554880c03ee'},2018-11-01 02:00:00,2.43,92.39,nfbVD-N1-N-43.300-M-LOOP,1080
{'$oid': '5c7f85c253e0f554880c03ef'},2018-11-01 02:00:00,3.81,85.27,nfbVD-N1-N-45.300-M-LOOP,1560
{'$oid': '5c7f85c253e0f554880c03f0'},2018-11-01 02:00:00,1.42,96.29,nfbVD-N1-N-47.300-M-RS,840
{'$oid': '5c7f85c253e0f554880c03f1'},2018-11-01 02:00:00,6.34,67.67,nfbVD-N1-N-49-O-NE-1-桃園,1080
{'$oid': '5c7f85c253e0f554880c03f2'},2018-11-01 02:00:00,0.0,0.0,nfbVD-N1-N-49-O-NE-2-桃園,0
{'$oid': '5c7f85c253e0f554880c03f3'},2018-11-01 02:00:00,6.15,54.89,nfbVD-N1-N-49-O-NW-3-桃園,540
{'$oid': '5c7f85c253e0f554880c03f4'},2018-11-01 02:00:00,0.0,85.0,nfbVD-N1-N-49-I-1-1-桃園集散道,60
{'$oid': '5c7f85c253e0f554880c03f5'},2018-11-01 02:00:00,0.0,0.0,nfbVD-N1-N-49-I-EN-2A-桃園-平面,0
{'$oid': '5c7f85c253e0f554880c03f6'},2018-11-01 02:00:00,0.0,0.0,nfbVD-N1-N-49-I-EN-2B-桃園-高架,0
{'$oid': '5c7f85c253e0f554880c03f7'},2018-11-01 02:00:00,4.96,35.0,nfbVD-N1-N-49-I-WN-1B-桃園-環道,180
{'$oid': '5c7f85c253e0f554880c03f8'},2018-11-01 02:00:00,0.0,0.0,nfbVD-N1-N-49-I-1-1C-桃園-中正路橋,0
{'$oid': '5c7f85c253e0f554880c03f9'},2018-11-01 02:00:00,2.31,94.9,nfbVD-N1-N-49.230-N-LOOP,600
{'$oid': '5c7f85c253e0f554880c03fa'},2018-11-01 02:00:00,4.45,105.46,nfbVD-N1-N-50.300-M-LOOP,1560
{'$oid': '5c7f85c253e0f554880c03fb'},2018-11-01 02:00:00,3.09,92.74,nfbVD-N1-N-50.800-M-RS,1380
{'$oid': '5c7f85c253e0f554880c03fc'},2018-11-01 02:00:00,2.66,102.36,nfbVD-N1-N-51.650-N-LOOP,840
{'$oid': '5c7f85c253e0f554880c03fd'},2018-11-01 02:00:00,2.48,78.0,nfbVD-N1-N-52-I-EN-21-機場系統,180
{'$oid': '5c7f85c253e0f554880c03fe'},2018-11-01 02:00:00,5.79,64.0,nfbVD-N1-N-52-I-WN-22-機場系統,420
{'$oid': '5c7f85c253e0f554880c03ff'},2018-11-01 02:00:00,3.57,94.95,nfbVD-N1-N-53.390-M-LOOP,1140
{'$oid': '5c7f85c253e0f554880c0400'},2018-11-01 02:00:00,7.84,96.86,nfbVD-N1-N-54.400-M-RS,2100
{'$oid': '5c7f85c253e0f554880c0401'},2018-11-01 02:00:00,2.48,29.0,nfbVD-N1-N-55-I-WN-中壢服務區,240
{'$oid': '5c7f85c253e0f554880c0402'},2018-11-01 02:00:00,2.48,79.0,nfbVD-N1-N-55-R-SE-1-中壢服務區,180
{'$oid': '5c7f85c253e0f554880c0403'},2018-11-01 02:00:00,2.87,98.5,nfbVD-N1-N-55.400-M-RS,1800
{'$oid': '5c7f85c253e0f554880c0404'},2018-11-01 02:00:00,2.78,98.79,nfbVD-N1-N-56.745-N-LOOP,1140
{'$oid': '5c7f85c253e0f554880c0405'},2018-11-01 02:00:00,3.54,86.29,nfbVD-N1-N-57-I-EN-1-內壢,420
{'$oid': '5c7f85c253e0f554880c0406'},2018-11-01 02:00:00,5.79,56.0,nfbVD-N1-N-57-O-SE-1B-內壢,240
{'$oid': '5c7f85c253e0f554880c0407'},2018-11-01 02:00:00,0.0,0.0,nfbVD-N1-N-57-O-SW-1A-內壢,0
{'$oid': '5c7f85c253e0f554880c0408'},2018-11-01 02:00:00,2.85,97.91,nfbVD-N1-N-57.400-N-LOOP,660
{'$oid': '5c7f85c253e0f554880c0409'},2018-11-01 02:00:00,4.44,96.69,nfbVD-N1-N-58.200-M-LOOP,960
{'$oid': '5c7f85c253e0f554880c040a'},2018-11-01 03:00:00,3.19,100.86,nfbVD-N1-N-59.400-M-RS,840
{'$oid': '5c7f85c253e0f554880c040b'},2018-11-01 03:00:00,7.64,96.46,nfbVD-N1-N-61.580-M-LOOP,1440
{'$oid': '5c7f85c253e0f554880c040c'},2018-11-01 03:00:00,4.08,90.13,nfbVD-N1-N-62.360-N-LOOP,900
{'$oid': '5c7f85c253e0f554880c040d'},2018-11-01 03:00:00,0.0,0.0,nfbVD-N1-N-62-O-SE-1-中壢,0
{'$oid': '5c7f85c253e0f554880c040e'},2018-11-01 03:00:00,0.0,0.0,nfbVD-N1-N-62-O-SE-2-中壢,0
{'$oid': '5c7f85c253e0f554880c040f'},2018-11-01 03:00:00,8.26,33.0,nfbVD-N1-N-62-I-EN-21-中壢,300
{'$oid': '5c7f85c253e0f554880c0410'},2018-11-01 03:00:00,-81.82,-99.0,nfbVD-N1-N-62-I-WN-22-中壢,-17820
{'$oid': '5c7f85c253e0f554880c0411'},2018-11-01 03:00:00,4.87,100.26,nfbVD-N1-N-62.900-M-LOOP,1140
{'$oid': '5c7f85c253e0f554880c0412'},2018-11-01 03:00:00,3.41,83.62,nfbVD-N1-N-63.880-M-RS,960
{'$oid': '5c7f85c253e0f554880c0413'},2018-11-01 03:00:00,2.07,107.75,nfbVD-N1-N-64.600-N-LOOP,480
{'$oid': '5c7f85c253e0f554880c0414'},2018-11-01 03:00:00,2.48,60.0,nfbVD-N1-N-65-I-EN-2A-平鎮系統,180
{'$oid': '5c7f85c253e0f554880c0415'},2018-11-01 03:00:00,0.0,0.0,nfbVD-N1-N-65-I-EN-31-平鎮系統,0
{'$oid': '5c7f85c253e0f554880c0416'},2018-11-01 03:00:00,1.65,49.0,nfbVD-N1-N-65-I-WN-2C-平鎮系統,120
{'$oid': '5c7f85c253e0f554880c0417'},2018-11-01 03:00:00,1.03,104.0,nfbVD-N1-N-65.900-M-LOOP,480
{'$oid': '5c7f85c253e0f554880c0418'},2018-11-01 03:00:00,3.24,100.54,nfbVD-N1-N-66.270-M-LOOP,780
{'$oid': '5c7f85c253e0f554880c0419'},2018-11-01 03:00:00,0.0,100.0,nfbVD-N1-N-67.300-N-LOOP,60
{'$oid': '5c7f85c253e0f554880c041a'},2018-11-01 03:00:00,-81.82,-99.0,nfbVD-N1-N-67-I-EN-1-幼獅,-17820
{'$oid': '5c7f85c253e0f554880c041b'},2018-11-01 03:00:00,0.83,69.0,nfbVD-N1-N-67-O-SE-1-幼獅,60
{'$oid': '5c7f85c253e0f554880c041c'},2018-11-01 03:00:00,3.66,71.43,nfbVD-N1-N-68.050-M-RS,840
{'$oid': '5c7f85c253e0f554880c041d'},2018-11-01 03:00:00,2.48,100.55,nfbVD-N1-N-68.995-N-LOOP,660
{'$oid': '5c7f85c253e0f554880c041e'},2018-11-01 03:00:00,0.83,63.0,nfbVD-N1-N-69-O-SE-1-楊梅,60
{'$oid': '5c7f85c253e0f554880c041f'},2018-11-01 03:00:00,0.0,0.0,nfbVD-N1-N-69-O-SW-2-楊梅,0
{'$oid': '5c7f85c253e0f554880c0420'},2018-11-01 03:00:00,0.0,0.0,nfbVD-N1-N-69-I-EN-21-楊梅,0
{'$oid': '5c7f85c253e0f554880c0421'},2018-11-01 03:00:00,5.79,39.0,nfbVD-N1-N-69-I-WN-22-楊梅,180
{'$oid': '5c7f85c253e0f554880c0422'},2018-11-01 03:00:00,2.17,102.62,nfbVD-N1-N-69.980-M-RS,480
{'$oid': '5c7f85c253e0f554880c0423'},2018-11-01 03:00:00,2.0,103.17,nfbVD-N1-N-70.820-M-LOOP,720
{'$oid': '5c7f85c253e0f554880c0424'},2018-11-01 03:00:00,2.07,109.5,nfbVD-N1-N-73.000-M-LOOP,480
{'$oid': '5c7f85c253e0f554880c0425'},2018-11-01 03:00:00,4.92,99.05,nfbVD-N1-N-74.510-M-LOOP,1200
{'$oid': '5c7f85c253e0f554880c0426'},2018-11-01 03:00:00,4.59,90.95,nfbVD-N1-N-76.400-M-LOOP,1200
{'$oid': '5c7f85c253e0f554880c0427'},2018-11-01 03:00:00,2.15,96.2,nfbVD-N1-N-78.140-M-LOOP,600
{'$oid': '5c7f85c253e0f554880c0428'},2018-11-01 03:00:00,3.23,109.55,nfbVD-N1-N-80.000-M-LOOP,660
{'$oid': '5c7f85c253e0f554880c0429'},2018-11-01 03:00:00,2.75,110.22,nfbVD-N1-N-81.205-M-LOOP,540
{'$oid': '5c7f85c253e0f554880c042a'},2018-11-01 03:00:00,2.01,111.71,nfbVD-N1-N-83.585-N-LOOP,420
{'$oid': '5c7f85c253e0f554880c042b'},2018-11-01 03:00:00,1.98,81.6,nfbVD-N1-N-83-O-SE-1-湖口,300
{'$oid': '5c7f85c253e0f554880c042c'},2018-11-01 03:00:00,3.31,20.0,nfbVD-N1-N-83-O-SW-2-湖口,60
{'$oid': '5c7f85c253e0f554880c042d'},2018-11-01 03:00:00,0.0,0.0,nfbVD-N1-N-83-I-EN-21-湖口,0
{'$oid': '5c7f85c253e0f554880c042e'},2018-11-01 03:00:00,0.0,0.0,nfbVD-N1-N-83-I-WN-22-湖口,0
{'$oid': '5c7f85c253e0f554880c042f'},2018-11-01 03:00:00,52.95,39.26,nfbVD-N1-N-85.010-M-LOOP,1860
{'$oid': '5c7f85c253e0f554880c0430'},2018-11-01 03:00:00,3.08,91.11,nfbVD-N1-N-86.122-M-RS,1080
{'$oid': '5c7f85c253e0f554880c0431'},2018-11-01 03:00:00,1.32,61.4,nfbVD-N1-N-86-R-SE-1-湖口服務區,300
{'$oid': '5c7f85c253e0f554880c0432'},2018-11-01 03:00:00,107.02,93.0,nfbVD-N1-N-88.045-M-LOOP,840
{'$oid': '5c7f85c253e0f554880c0433'},2018-11-01 03:00:00,158.68,93.0,nfbVD-N1-N-89.990-M-LOOP,840
{'$oid': '5c7f85c253e0f554880c0434'},2018-11-01 03:00:00,184.3,93.0,nfbVD-N1-N-90.835-N-LOOP,840
{'$oid': '5c7f85c253e0f554880c0435'},2018-11-01 03:00:00,1.65,50.0,nfbVD-N1-N-91-I-EN-1-竹北,120
{'$oid': '5c7f85c253e0f554880c0436'},2018-11-01 03:00:00,3.31,37.0,nfbVD-N1-N-91-I-EN-2-竹北,120
{'$oid': '5c7f85c253e0f554880c0437'},2018-11-01 03:00:00,1.45,72.0,nfbVD-N1-N-91-O-SE-1-竹北,240
{'$oid': '5c7f85c253e0f554880c0438'},2018-11-01 03:00:00,0.83,48.0,nfbVD-N1-N-91-O-SW-2-竹北,60
{'$oid': '5c7f85c253e0f554880c0439'},2018-11-01 03:00:00,93.39,89.77,nfbVD-N1-N-91.800-M-LOOP,780
{'$oid': '5c7f85c253e0f554880c043a'},2018-11-01 03:00:00,3.01,86.91,nfbVD-N1-N-92.000-M-RS,660
{'$oid': '5c7f85c253e0f554880c043b'},2018-11-01 03:00:00,5.4,93.41,nfbVD-N1-N-92.900-M-LOOP,1020
{'$oid': '5c7f85c253e0f554880c043c'},2018-11-01 03:00:00,4.92,107.2,nfbVD-N1-N-93.590-N-LOOP,1200
{'$oid': '5c7f85c253e0f554880c043d'},2018-11-01 03:00:00,6.13,103.26,nfbVD-N1-N-94.030-N-LOOP,1140
{'$oid': '5c7f85c253e0f554880c043e'},2018-11-01 03:00:00,2.48,41.0,nfbVD-N1-N-95-I-EN-1B-新竹-新安路,120
{'$oid': '5c7f85c253e0f554880c043f'},2018-11-01 03:00:00,3.31,40.0,nfbVD-N1-N-95-I-WN-4A-新竹-光復路,180
{'$oid': '5c7f85c253e0f554880c0440'},2018-11-01 03:00:00,0.83,86.0,nfbVD-N1-N-95-O-SE-1A-新竹-光復路,120
{'$oid': '5c7f85c253e0f554880c0441'},2018-11-01 03:00:00,3.31,38.0,nfbVD-N1-N-95-I-EN-32A-新竹-光復路,180
{'$oid': '5c7f85c253e0f554880c0442'},2018-11-01 03:00:00,0.83,70.0,nfbVD-N1-N-95-O-SE-21A-新竹-光復路,60
{'$oid': '5c7f85c253e0f554880c0443'},2018-11-01 03:00:00,0.0,0.0,nfbVD-N1-N-95-O-SE-1B-新竹-園區二路,0
{'$oid': '5c7f85c253e0f554880c0444'},2018-11-01 03:00:00,0.0,0.0,nfbVD-N1-N-95-O-SW-2B-新竹-園區二路,0
{'$oid': '5c7f85c253e0f554880c0445'},2018-11-01 03:00:00,2.81,60.0,nfbVD-N1-N-95-I-EN-22A-新竹-公道五路,300
{'$oid': '5c7f85c253e0f554880c0446'},2018-11-01 03:00:00,0.83,53.0,nfbVD-N1-N-95-I-WN-31A-新竹-公道五路,60
{'$oid': '5c7f85c253e0f554880c0447'},2018-11-01 03:00:00,0.0,0.0,nfbVD-N1-N-95-O-SE-22A-新竹-公道五路,0
{'$oid': '5c7f85c253e0f554880c0448'},2018-11-01 03:00:00,0.0,79.0,nfbVD-N1-N-95-O-SE-32A-新竹-公道五路,60
{'$oid': '5c7f85c253e0f554880c0449'},2018-11-01 03:00:00,0.0,0.0,nfbVD-N1-N-95-O-SE-31A-新竹-光復路-竹東,0
{'$oid': '5c7f85c253e0f554880c044a'},2018-11-01 03:00:00,0.83,88.0,nfbVD-N1-N-95-I-EN-21A-新竹-公道五路-光復,120
{'$oid': '5c7f85c253e0f554880c044b'},2018-11-01 03:00:00,2.38,103.12,nfbVD-N1-N-95.910-N-LOOP,480
{'$oid': '5c7f85c253e0f554880c044c'},2018-11-01 03:00:00,2.89,93.75,nfbVD-N1-N-97.560-M-LOOP,960
{'$oid': '5c7f85c253e0f554880c044d'},2018-11-01 03:00:00,3.21,91.44,nfbVD-N1-N-98.860-N-LOOP,540
{'$oid': '5c7f85c253e0f554880c044e'},2018-11-01 03:00:00,0.0,0.0,nfbVD-N1-N-99-I-EN-21-新竹系統,0
{'$oid': '5c7f85c253e0f554880c044f'},2018-11-01 03:00:00,4.96,83.0,nfbVD-N1-N-99-I-WN-22-新竹系統,420
{'$oid': '5c7f85c253e0f554880c0450'},2018-11-01 03:00:00,0.0,113.0,nfbVD-N1-S-12.501-M-LOOP,60
{'$oid': '5c7f85c253e0f554880c0451'},2018-11-01 03:00:00,1.24,103.0,nfbVD-N1H-S-13.496-M-LOOP,360
{'$oid': '5c7f85c253e0f554880c0452'},2018-11-01 03:00:00,1.38,104.67,nfbVD-N1H-S-14.488-M-LOOP,360
{'$oid': '5c7f85c253e0f554880c0453'},2018-11-01 03:00:00,1.24,107.0,nfbVD-N1H-S-15.520-M-LOOP,360
{'$oid': '5c7f85c253e0f554880c0454'},2018-11-01 03:00:00,0.83,98.0,nfbVD-N1H-S-16.530-M-LOOP,120
{'$oid': '5c7f85c253e0f554880c0455'},2018-11-01 03:00:00,2.31,51.0,nfbVD-N1H-S-17.973-M-LOOP,300
{'$oid': '5c7f85c253e0f554880c0456'},2018-11-01 03:00:00,0.0,0.0,nfbVD-N1H-S-18-I-WS-3-堤頂,0
{'$oid': '5c7f85c253e0f554880c0457'},2018-11-01 03:00:00,0.0,101.0,nfbVD-N1H-S-18-O-NW-1-堤頂,60
{'$oid': '5c7f85c253e0f554880c0458'},2018-11-01 03:00:00,0.83,44.0,nfbVD-N1H-S-18-I-ES-22-堤頂,60
{'$oid': '5c7f85c253e0f554880c0459'},2018-11-01 03:00:00,0.83,58.0,nfbVD-N1H-S-18-I-WS-21-堤頂,60
{'$oid': '5c7f85c253e0f554880c045a'},2018-11-01 03:00:00,0.83,128.5,nfbVD-N1H-S-19.049-N-LOOP,240
{'$oid': '5c7f85c253e0f554880c045b'},2018-11-01 03:00:00,1.93,104.0,nfbVD-N1H-S-20.008-M-LOOP,540
{'$oid': '5c7f85c253e0f554880c045c'},2018-11-01 03:00:00,2.75,97.56,nfbVD-N1H-S-20.980-M-LOOP,540
{'$oid': '5c7f85c253e0f554880c045d'},2018-11-01 03:00:00,1.65,106.0,nfbVD-N1H-S-21.998-M-LOOP,240
{'$oid': '5c7f85c253e0f554880c045e'},2018-11-01 03:00:00,0.83,98.4,nfbVD-N1H-S-23.068-M-LOOP,300
{'$oid': '5c7f85c253e0f554880c045f'},2018-11-01 03:00:00,1.38,105.67,nfbVD-N1H-S-23.990-M-LOOP,360
{'$oid': '5c7f85c253e0f554880c0460'},2018-11-01 03:00:00,0.55,112.33,nfbVD-N1H-S-24.960-M-LOOP,180
{'$oid': '5c7f85c253e0f554880c0461'},2018-11-01 03:00:00,0.55,103.0,nfbVD-N1H-S-25.700-N-LOOP,180
{'$oid': '5c7f85c253e0f554880c0462'},2018-11-01 03:00:00,0.0,0.0,nfbVD-N1H-S-26-I-ES-22-環北,0
{'$oid': '5c7f85c253e0f554880c0463'},2018-11-01 03:00:00,0.83,69.0,nfbVD-N1H-S-26-I-WS-21-環北,120
{'$oid': '5c7f85c253e0f554880c0464'},2018-11-01 03:00:00,2.56,105.6,nfbVD-N1H-S-26.517-M-LOOP,600
{'$oid': '5c7f85c253e0f554880c0465'},2018-11-01 03:00:00,2.86,109.23,nfbVD-N1H-S-27.507-M-LOOP,780
{'$oid': '5c7f85c253e0f554880c0466'},2018-11-01 03:00:00,1.65,107.5,nfbVD-N1H-S-28.513-M-LOOP,720
{'$oid': '5c7f85c253e0f554880c0467'},2018-11-01 03:00:00,3.31,91.63,nfbVD-N1H-S-29.492-M-LOOP,1140
{'$oid': '5c7f85c253e0f554880c0468'},2018-11-01 03:00:00,2.58,108.82,nfbVD-N1H-S-30.518-M-LOOP,1020
{'$oid': '5c7f85c253e0f554880c0469'},2018-11-01 03:00:00,0.83,84.71,nfbVD-N1H-S-31.251-M-RS,420
{'$oid': '5c7f85c253e0f554880c046a'},2018-11-01 03:00:00,1.47,111.78,nfbVD-N1H-S-31.498-M-LOOP,540
{'$oid': '5c7f85c253e0f554880c046b'},2018-11-01 03:00:00,4.13,77.0,nfbVD-N1-S-32-O-NW-1A-五股,420
{'$oid': '5c7f85c253e0f554880c046c'},2018-11-01 03:00:00,2.48,86.0,nfbVD-N1H-S-32.5-O-NW-1-五股,300
{'$oid': '5c7f85c253e0f554880c046d'},2018-11-01 03:00:00,0.0,81.67,nfbVD-N1H-S-32.224-M-RS,180
{'$oid': '5c7f85c253e0f554880c046e'},2018-11-01 04:00:00,0.5,94.6,nfbVD-N1H-S-34.295-M-RS,300
{'$oid': '5c7f85c253e0f554880c046f'},2018-11-01 04:00:00,2.48,98.5,nfbVD-N1H-S-36.000-1-M-泰山轉接道,600
{'$oid': '5c7f85c253e0f554880c0470'},2018-11-01 04:00:00,0.0,97.67,nfbVD-N1H-S-36.220-M-RS,180
{'$oid': '5c7f85c253e0f554880c0471'},2018-11-01 04:00:00,2.66,94.14,nfbVD-N1H-S-37.420-M-LOOP,840
{'$oid': '5c7f85c253e0f554880c0472'},2018-11-01 04:00:00,3.0,101.69,nfbVD-N1H-S-38.038-M-LOOP,960
{'$oid': '5c7f85c253e0f554880c0473'},2018-11-01 04:00:00,2.69,96.0,nfbVD-N1H-S-39.226-M-LOOP,480
{'$oid': '5c7f85c253e0f554880c0474'},2018-11-01 04:00:00,0.83,94.2,nfbVD-N1H-S-40.450-M-RS,300
{'$oid': '5c7f85c253e0f554880c0475'},2018-11-01 04:00:00,0.0,96.67,nfbVD-N1H-S-42.435-M-RS,360
{'$oid': '5c7f85c253e0f554880c0476'},2018-11-01 04:00:00,0.41,87.25,nfbVD-N1H-S-44.450-M-RS,480
{'$oid': '5c7f85c253e0f554880c0477'},2018-11-01 04:00:00,0.66,106.8,nfbVD-N1H-S-46.451-M-RS,600
{'$oid': '5c7f85c253e0f554880c0478'},2018-11-01 04:00:00,0.0,113.0,nfbVD-N1H-S-48.425-M-RS,360
{'$oid': '5c7f85c253e0f554880c0479'},2018-11-01 04:00:00,1.95,105.91,nfbVD-N1H-S-50.378-M-LOOP,660
{'$oid': '5c7f85c253e0f554880c047a'},2018-11-01 04:00:00,1.07,101.8,nfbVD-N1H-S-51.370-M-LOOP,600
{'$oid': '5c7f85c253e0f554880c047b'},2018-11-01 04:00:00,1.18,103.43,nfbVD-N1H-S-52.640-M-LOOP,420
{'$oid': '5c7f85c253e0f554880c047c'},2018-11-01 04:00:00,0.0,97.8,nfbVD-N1H-S-54.395-M-RS,300
{'$oid': '5c7f85c253e0f554880c047d'},2018-11-01 04:00:00,0.0,97.8,nfbVD-N1H-S-55.585-M-LOOP,300
{'$oid': '5c7f85c253e0f554880c047e'},2018-11-01 04:00:00,1.65,110.36,nfbVD-N1H-S-56.770-M-LOOP,660
{'$oid': '5c7f85c253e0f554880c047f'},2018-11-01 04:00:00,1.65,110.36,nfbVD-N1H-S-58.100-M-LOOP,660
{'$oid': '5c7f85c253e0f554880c0480'},2018-11-01 04:00:00,0.0,100.0,nfbVD-N1H-S-59.500-M-RS,60
{'$oid': '5c7f85c253e0f554880c0481'},2018-11-01 04:00:00,2.48,102.36,nfbVD-N1H-S-62.000-M-LOOP,660
{'$oid': '5c7f85c253e0f554880c0482'},2018-11-01 04:00:00,1.38,107.83,nfbVD-N1H-S-64.000-M-LOOP,360
{'$oid': '5c7f85c253e0f554880c0483'},2018-11-01 04:00:00,2.1,123.82,nfbVD-N1H-S-66.000-M-LOOP,660
{'$oid': '5c7f85c253e0f554880c0484'},2018-11-01 04:00:00,2.48,117.45,nfbVD-N1H-S-67.500-M-LOOP,660
{'$oid': '5c7f85c253e0f554880c0485'},2018-11-01 04:00:00,2.1,113.0,nfbVD-N1H-S-69.000-M-LOOP,660
{'$oid': '5c7f85c253e0f554880c0486'},2018-11-01 04:00:00,1.65,114.25,nfbVD-N1H-S-70.000-M-LOOP,480
{'$oid': '5c7f85c253e0f554880c0487'},2018-11-01 04:00:00,0.0,0.0,nfbVD-N1H-S-70.500-M-LOOP,0
{'$oid': '5c7f85c253e0f554880c0488'},2018-11-01 04:00:00,0.0,0.0,nfbVD-N1H-S-70.900-O-NW-1-校前路,0
{'$oid': '5c7f85c253e0f554880c0489'},2018-11-01 04:00:00,0.0,0.0,nfbVD-N1H-S-70.900-O-NW-2-校前路,0
{'$oid': '5c7f85c253e0f554880c048a'},2018-11-01 04:00:00,1.65,99.14,nfbVD-N1H-N-15.000-M-LOOP,420
{'$oid': '5c7f85c253e0f554880c048b'},2018-11-01 04:00:00,2.48,92.0,nfbVD-N1H-N-16.000-M-LOOP,300
{'$oid': '5c7f85c253e0f554880c048c'},2018-11-01 04:00:00,2.1,109.55,nfbVD-N1H-N-16.975-M-LOOP,660
{'$oid': '5c7f85c253e0f554880c048d'},2018-11-01 04:00:00,1.65,109.0,nfbVD-N1H-N-18.060-M-LOOP,480
{'$oid': '5c7f85c253e0f554880c048e'},2018-11-01 04:00:00,-81.82,-99.0,nfbVD-N1H-N-18-I-EN-1-堤頂,-17820
{'$oid': '5c7f85c253e0f554880c048f'},2018-11-01 04:00:00,1.65,101.6,nfbVD-N1H-N-18-O-SE-1-堤頂,300
{'$oid': '5c7f85c253e0f554880c0490'},2018-11-01 04:00:00,0.83,94.0,nfbVD-N1H-N-19.000-N-LOOP,180
{'$oid': '5c7f85c253e0f554880c0491'},2018-11-01 04:00:00,2.75,81.11,nfbVD-N1H-N-19.511-M-RS,540
{'$oid': '5c7f85c253e0f554880c0492'},2018-11-01 04:00:00,3.47,100.6,nfbVD-N1H-N-20.490-M-LOOP,600
{'$oid': '5c7f85c253e0f554880c0493'},2018-11-01 04:00:00,0.0,0.0,nfbVD-N1H-N-20-O-SE-1-下塔悠,0
{'$oid': '5c7f85c253e0f554880c0494'},2018-11-01 04:00:00,1.93,107.33,nfbVD-N1H-N-21.476-M-LOOP,540
{'$oid': '5c7f85c253e0f554880c0495'},2018-11-01 04:00:00,0.55,85.33,nfbVD-N1H-N-22.439-M-RS,360
{'$oid': '5c7f85c253e0f554880c0496'},2018-11-01 04:00:00,0.83,105.4,nfbVD-N1H-N-23.572-M-LOOP,300
{'$oid': '5c7f85c253e0f554880c0497'},2018-11-01 04:00:00,1.65,105.0,nfbVD-N1H-N-24.472-M-LOOP,480
{'$oid': '5c7f85c253e0f554880c0498'},2018-11-01 04:00:00,2.92,108.46,nfbVD-N1H-N-25.543-M-LOOP,780
{'$oid': '5c7f85c253e0f554880c0499'},2018-11-01 04:00:00,0.0,0.0,nfbVD-N1H-N-26-O-SE-1-環北,0
{'$oid': '5c7f85c253e0f554880c049a'},2018-11-01 04:00:00,9.92,43.0,nfbVD-N1H-N-26-O-SW-2-環北,480
{'$oid': '5c7f85c253e0f554880c049b'},2018-11-01 04:00:00,2.26,99.53,nfbVD-N1H-N-26.516-M-LOOP,900
{'$oid': '5c7f85c253e0f554880c049c'},2018-11-01 04:00:00,1.53,99.69,nfbVD-N1H-N-27.004-M-RS,780
{'$oid': '5c7f85c253e0f554880c049d'},2018-11-01 04:00:00,2.31,102.6,nfbVD-N1H-N-27.504-M-LOOP,600
{'$oid': '5c7f85c253e0f554880c049e'},2018-11-01 04:00:00,1.74,108.7,nfbVD-N1H-N-28.545-M-LOOP,600
{'$oid': '5c7f85c253e0f554880c049f'},2018-11-01 04:00:00,3.26,102.56,nfbVD-N1H-N-29.449-M-LOOP,1080
{'$oid': '5c7f85c253e0f554880c04a0'},2018-11-01 04:00:00,2.01,113.86,nfbVD-N1H-N-30.512-M-LOOP,420
{'$oid': '5c7f85c253e0f554880c04a1'},2018-11-01 04:00:00,1.65,97.14,nfbVD-N1H-N-30.914-M-LOOP,420
{'$oid': '5c7f85c253e0f554880c04a2'},2018-11-01 04:00:00,0.62,103.5,nfbVD-N1H-N-31.512-M-LOOP,240
{'$oid': '5c7f85c253e0f554880c04a3'},2018-11-01 04:00:00,1.18,86.71,nfbVD-N1H-N-32.481-N-LOOP,420
{'$oid': '5c7f85c253e0f554880c04a4'},2018-11-01 04:00:00,0.55,102.0,nfbVD-N1H-N-32.642-M-RS,360
{'$oid': '5c7f85c253e0f554880c04a5'},2018-11-01 04:00:00,0.0,113.5,nfbVD-N1H-N-34.573-M-RS,240
{'$oid': '5c7f85c253e0f554880c04a6'},2018-11-01 04:00:00,0.83,70.75,nfbVD-N1H-N-36.000-1-M-泰山轉接道,480
{'$oid': '5c7f85c253e0f554880c04a7'},2018-11-01 04:00:00,1.32,85.8,nfbVD-N1H-N-36.550-M-RS,900
{'$oid': '5c7f85c253e0f554880c04a8'},2018-11-01 04:00:00,3.35,101.2,nfbVD-N1H-N-37.737-M-LOOP,1200
{'$oid': '5c7f85c253e0f554880c04a9'},2018-11-01 04:00:00,2.87,102.71,nfbVD-N1H-N-39.126-M-LOOP,1020
{'$oid': '5c7f85c253e0f554880c04aa'},2018-11-01 04:00:00,0.0,100.0,nfbVD-N1H-N-40.621-M-RS,60
{'$oid': '5c7f85c253e0f554880c04ab'},2018-11-01 04:00:00,0.0,96.0,nfbVD-N1H-N-42.627-M-RS,240
{'$oid': '5c7f85c253e0f554880c04ac'},2018-11-01 04:00:00,0.75,84.18,nfbVD-N1H-N-44.550-M-RS,660
{'$oid': '5c7f85c253e0f554880c04ad'},2018-11-01 04:00:00,1.61,98.25,nfbVD-N1H-N-46.568-M-RS,1200
{'$oid': '5c7f85c253e0f554880c04ae'},2018-11-01 04:00:00,0.83,101.73,nfbVD-N1H-N-48.565-M-RS,660
{'$oid': '5c7f85c253e0f554880c04af'},2018-11-01 04:00:00,6.35,108.36,nfbVD-N1H-N-50.571-M-LOOP,1500
{'$oid': '5c7f85c253e0f554880c04b0'},2018-11-01 04:00:00,1.32,106.4,nfbVD-N1H-N-51.766-M-LOOP,300
{'$oid': '5c7f85c253e0f554880c04b1'},2018-11-01 04:00:00,2.48,85.0,nfbVD-N1H-S-52-I-WS-1-機場往高架,240
{'$oid': '5c7f85c253e0f554880c04b2'},2018-11-01 04:00:00,4.75,85.5,nfbVD-N1H-N-52-I-WN-1-機場往高架,720
{'$oid': '5c7f85c253e0f554880c04b3'},2018-11-01 04:00:00,0.66,109.0,nfbVD-N1H-N-52.583-M-LOOP,300
{'$oid': '5c7f85c253e0f554880c04b4'},2018-11-01 04:00:00,0.47,109.43,nfbVD-N1H-N-54.373-M-RS,420
{'$oid': '5c7f85c253e0f554880c04b5'},2018-11-01 04:00:00,1.24,112.38,nfbVD-N1H-N-55.550-M-LOOP,480
{'$oid': '5c7f85c253e0f554880c04b6'},2018-11-01 04:00:00,0.41,102.0,nfbVD-N1H-N-56.825-M-LOOP,240
{'$oid': '5c7f85c253e0f554880c04b7'},2018-11-01 04:00:00,1.32,101.6,nfbVD-N1H-N-58.290-M-LOOP,300
{'$oid': '5c7f85c253e0f554880c04b8'},2018-11-01 04:00:00,0.83,107.0,nfbVD-N1H-N-61.000-M-LOOP,120
{'$oid': '5c7f85c253e0f554880c04b9'},2018-11-01 04:00:00,0.62,125.0,nfbVD-N1H-N-62.000-M-LOOP,240
{'$oid': '5c7f85c253e0f554880c04ba'},2018-11-01 04:00:00,0.0,129.0,nfbVD-N1H-N-63.500-M-LOOP,60
{'$oid': '5c7f85c253e0f554880c04bb'},2018-11-01 04:00:00,0.83,101.0,nfbVD-N1H-N-65.500-M-LOOP,240
{'$oid': '5c7f85c253e0f554880c04bc'},2018-11-01 04:00:00,0.0,104.5,nfbVD-N1H-N-67.500-M-LOOP,120
{'$oid': '5c7f85c253e0f554880c04bd'},2018-11-01 04:00:00,0.55,117.67,nfbVD-N1H-N-69.500-M-LOOP,180
{'$oid': '5c7f85c253e0f554880c04be'},2018-11-01 04:00:00,0.0,0.0,nfbVD-N1H-N-70.900-I-EN-1-校前路,0
{'$oid': '5c7f85c253e0f554880c04bf'},2018-11-01 04:00:00,13.9,75.29,nfbVD-N2-E-0.330-M-LOOP,2280
{'$oid': '5c7f85c253e0f554880c04c0'},2018-11-01 04:00:00,6.61,91.59,nfbVD-N2-E-0.460-M-RS,1920
{'$oid': '5c7f85c253e0f554880c04c1'},2018-11-01 04:00:00,5.65,56.17,nfbVD-N2-E-1-I-SE-1-大園,360
{'$oid': '5c7f85c253e0f554880c04c2'},2018-11-01 04:00:00,0.0,0.0,nfbVD-N2-E-1-O-WS-1-大園,0
{'$oid': '5c7f85c253e0f554880c04c3'},2018-11-01 04:00:00,6.61,46.0,nfbVD-N2-E-1-O-WS-2-大園,300
{'$oid': '5c7f85c253e0f554880c04c4'},2018-11-01 04:00:00,9.09,93.29,nfbVD-N2-E-1.37-N-LOOP,1680
{'$oid': '5c7f85c253e0f554880c04c5'},2018-11-01 04:00:00,3.35,92.94,nfbVD-N2-E-2.226-M-RS,2040
{'$oid': '5c7f85c253e0f554880c04c6'},2018-11-01 04:00:00,5.79,97.86,nfbVD-N2-E-4.140-M-LOOP,2520
{'$oid': '5c7f85c253e0f554880c04c7'},2018-11-01 04:00:00,5.67,100.1,nfbVD-N2-E-4.900-N-LOOP,1740
{'$oid': '5c7f85c253e0f554880c04c8'},2018-11-01 04:00:00,1.65,58.0,nfbVD-N2-E-5-O-WS-1-大竹,120
{'$oid': '5c7f85c253e0f554880c04c9'},2018-11-01 04:00:00,0.0,75.0,nfbVD-N2-E-5-O-WS-2-大竹,60
{'$oid': '5c7f85c253e0f554880c04ca'},2018-11-01 04:00:00,0.0,0.0,nfbVD-N2-E-5-I-NE-22-大竹-環道,0
{'$oid': '5c7f85c253e0f554880c04cb'},2018-11-01 04:00:00,2.48,69.0,nfbVD-N2-E-5-I-SE-21-大竹-匝道,240
{'$oid': '5c7f85c253e0f554880c04cc'},2018-11-01 04:00:00,2.6,100.21,nfbVD-N2-E-6.893-M-RS,2040
{'$oid': '5c7f85c253e0f554880c04cd'},2018-11-01 04:00:00,8.4,83.49,nfbVD-N2-E-7.895-M-LOOP,2220
{'$oid': '5c7f85c253e0f554880c04ce'},2018-11-01 04:00:00,3.31,74.0,nfbVD-N2-E-8-I-NE-1A-機場系統,300
{'$oid': '5c7f85c253e0f554880c04cf'},2018-11-01 04:00:00,3.31,72.0,nfbVD-N2-E-8-I-SE-1B-機場系統,300
{'$oid': '5c7f85c253e0f554880c04d0'},2018-11-01 04:00:00,0.83,106.0,nfbVD-N2-E-8.893-N-LOOP,300
{'$oid': '5c7f85c253e0f554880c04d1'},2018-11-01 04:00:00,2.99,90.31,nfbVD-N2-E-9.451-N-LOOP,780
